Temperature_C,Rainfall_mm,Humidity_%,Soil_pH,Sunshine_hours,Fertilizer_kg_per_hectare,Pesticide_kg_per_hectare,Crop_Yield_tonnes_per_hectare
22.49080237694725,224.54042850493627,41.10797573031718,6.538163570272436,6.093645469887248,174.12783831594544,7.054326947880082,4.292156391416984
34.01428612819832,184.0240915860301,62.514056842701486,6.458363755259462,5.975830392575999,164.67916919820766,8.170132574722352,8.421122498823436
29.6398788362281,127.38190407158194,82.37675015258449,5.551284131612872,11.250036644168294,136.02934271833598,3.254211089132491,9.977903199228821
26.973169683940732,253.44875492673717,73.93349318457368,6.182495655252312,5.996369598796049,193.40707154178997,6.6238668964629905,2.2402080426351425
18.12037280884873,221.1827931384698,78.39366887168698,6.260391237571714,6.175597809029048,80.07117732926042,6.145713848293738,9.178926926327456
18.119890406724053,90.65423483622283,69.52700200264304,6.297645561793801,10.07518609934371,66.38963154644321,8.495473391094439,6.981044268789264
16.161672243363988,277.73179612346064,71.53659387107115,6.660344738454665,7.59791873960432,178.0942950433133,9.154783544331345,9.78706095331857
32.3235229154987,255.63431073079224,80.95173909391916,6.567205093453757,10.213684455641449,115.87247249506224,1.1094109432964814,5.720076140211421
27.022300234864176,287.449978322981,44.98008053155115,6.715810185586889,4.522929260515082,177.04532813105908,7.066179271529134,8.779103444570989
29.16145155592091,231.42987709708999,59.36549781858843,7.029766523084256,7.9005695493870745,183.96353077931224,1.4665221920775613,2.499152548786218
15.411689885916049,203.35379898394746,43.27256650917613,7.125971477432187,4.268908801466261,59.368639042860714,5.939727985696203,4.682232400626366
34.39819704323989,154.56075907265472,89.26008047979883,6.936246152452989,4.501225627642836,182.5197144479091,3.588694561393104,2.5361323020096798
31.648852816008436,283.18212083850335,86.64356038119679,7.41104739190987,11.251499626755287,117.24785830541333,3.760989395699271,9.802745067832564
19.246782213565524,266.5159723751021,32.365608682110356,5.536465165352723,5.113962968940761,126.56487335063483,4.176626531071209,8.535791258174694
18.636499344142013,61.30466752654735,72.33451035094131,5.891555971367092,8.259365458201737,143.98887666398153,6.591632041446491,8.820379369967764
18.668090197068675,56.591743624313004,85.51489904493995,5.515125749956284,7.288764820805652,188.957391009513,4.006449691018923,9.503721851471154
21.084844859190753,144.1158417195124,40.83452070764001,6.794949428309206,6.778746610070741,52.867414164464606,7.594291455312524,2.680827888958283
25.495128632644757,252.63833269545822,64.07671383315777,7.296061097899974,11.19866676549818,121.52652024767256,4.640746470164827,5.084780740106667
23.638900372842315,296.8190323287361,84.92929785528251,5.9869645931525985,4.174587174203916,153.15830636458412,1.6151788027896274,2.568279112352017
20.824582803960837,87.60422277588205,32.03675871514793,7.354069089592613,9.310317489404714,158.40604365473428,8.053838582356965,3.686344812400229
27.237057894447588,198.53267883803377,71.84521603481039,5.6205347805791215,11.707155473708404,153.8798647305662,3.571824921334354,3.834926216301379
17.789877213040835,145.22271415775538,47.840940442353045,7.368872053611028,8.481345467694736,70.16526941121828,4.894901916393364,5.7528576883806295
20.842892970704362,292.47859945365076,85.46377172259182,6.203245374479269,11.494579696264735,94.90933825575217,7.168994948997113,4.148497339629141
22.327236865873836,260.52973078392716,88.26349470992207,5.702841656898433,4.41806303428819,103.80732881255202,3.992105414338408,2.8078248545420887
24.12139968434072,259.5821761777845,86.65598934680604,6.4717435183726515,7.350346552593291,170.66558115192575,1.5092709053204407,3.3399287127528616
30.703519227860273,167.17328994874256,58.45285299944783,6.013553135441016,6.081262327696409,91.81398086218294,4.365289423115322,3.1782045084167274
18.993475643167194,153.7048755844163,81.72255905935882,6.069745803923846,9.846567719845838,81.60574458008048,9.50003724424873,9.784614383298386
25.284688768272233,118.35176798267656,80.67296391210422,6.114579929852573,11.850376723977973,193.61720285571442,6.775609575687024,8.07434005534779
26.848291377240848,64.09387416273178,49.146028394595334,7.106051795665326,6.0522404995539825,51.329492767020334,7.043312338004863,9.742091722156495
15.929008254399955,266.1805940637633,79.73492844904064,6.5783225533505085,9.233396811792595,199.67312835229674,6.690539382738758,5.517923892063268
27.150897038028766,253.2252522825194,32.220458082929554,6.122615398312007,5.584781062077921,151.52319482860935,2.7909292506349312,4.226947853301253
18.41048247374583,299.92941832153264,65.77619270892319,6.720667566621836,8.52264203657288,174.27039491736755,4.765004776920521,8.386345577673493
16.30103185970559,299.15920926847633,43.80053023726218,6.932301348446387,7.71145989350669,94.19290945192898,7.758458185269864,4.610031344329174
33.977710745066666,188.85792640065685,37.23401314663673,6.045248001467067,11.776042637052296,52.147291650058996,1.9123560779784323,4.395066989642786
34.31264066149119,242.24685379512763,34.61719209775255,6.327098203050703,8.868218181571732,160.6804277842295,3.5006749848074104,3.8600479376626495
31.16794696232922,286.19143247060697,71.77732655268838,5.743772186673895,6.79605097669455,175.12168955010137,3.4868719761926825,3.037431825793883
21.092275383467413,262.4118476693528,50.39249782608397,5.862298699069361,4.912766279103467,161.07141979302787,4.888170348350554,4.051704488134128
16.95344228012768,111.8370254357994,73.48600629172569,6.862235707929965,5.2099746298794765,71.42754309512578,9.823318668479665,4.842557987791102
28.684660530243136,162.63603382752336,33.92138044793654,5.862876695391254,5.802535439609881,163.01418833854535,1.6075229201543975,7.391953665165843
23.803049874792027,82.28985378787374,48.91742026983662,6.55032676733412,6.007733290722384,165.33841731614615,5.668308949425355,2.5005187377556126
17.440764696895577,288.5127568146806,62.36947754252023,6.918092523444866,10.804928462729102,148.78107735050824,2.614282138109894,3.6840555173227436
24.903538202225405,201.54365861272,77.44338989033781,5.713753846189488,8.4897823062602,164.91738991933795,9.736088908687698,8.472189122333411
15.687770422304368,107.16070137586567,49.12515017592419,6.6346244392578075,8.187127290994932,176.88821595165982,2.019731542547178,3.175375388670166
33.186408041575646,217.92517110146417,67.55348258622055,6.013125567402728,4.91815097495374,142.04061713561876,4.632409021254321,4.741161172180172
20.17559963200034,204.53206011447395,83.15866489417124,7.425853750475159,10.88111754679548,63.29070709545186,7.6409648635114555,8.91727137486512
28.25044568707964,139.54067950821013,66.95179129093827,6.467091293439849,9.78251442566787,123.14417145008163,7.340989852247008,3.2394024891475413
21.23422152178822,78.38939804990726,43.97756848521803,7.111985099550316,4.541346895200013,61.64740020074076,4.8045577320453905,2.661894684945519
25.401360423556216,217.8932988981999,31.464046893392283,6.600453084312523,9.66268077783815,111.13145465486463,4.118717511574464,5.876303960640087
25.934205586865595,180.07692522594832,82.2059324340558,5.586825065709638,8.348305738741168,111.06597336884414,4.578511406975835,4.419356090228291
18.69708911051054,243.07959793390984,31.27616465102323,6.766302751188045,4.653802765974226,59.90147662103624,3.3784863684277537,6.507266915870833
34.39169255529117,180.04087527799834,82.48210036105196,7.402806684413314,7.666405132229252,102.3230800954219,2.847996448361198,8.430439123867801
30.50265646722229,263.04537507963505,61.73622804163272,6.703223640292663,7.877570297040376,66.64971481869722,5.34735727803001,3.0971879052219453
33.78997883128378,187.9767096936214,86.34406191077377,7.13837771885358,5.326196321306206,171.23528150138333,3.416803804608466,6.64559267643428
32.89654700855297,190.23449288384657,77.92699414641993,7.268412926696816,11.565585176002259,192.1532038946706,3.587154984075251,6.044070083118911
26.957999576221702,269.1634006645862,89.87604663200025,5.956159543897865,10.799802971845295,60.84747128869079,6.910804571271013,3.1526302881055965
33.437484700462335,150.87071655309927,51.04270892710261,5.924089679816453,9.352178698632866,193.2672810937552,9.71683598529903,6.991987884231859
16.76985004103839,83.50380711266018,76.0312973358676,6.721961977701984,7.698364488004858,128.38648990051178,6.432734805034376,4.189123342886173
18.919657248382904,57.195669078334745,54.11585481655453,6.322056939613409,7.294124332676068,94.93485169308109,1.6928152035846966,5.9026745483521
15.90454577821076,238.78431391840476,58.79253721823453,7.17972260573344,9.207787737207633,61.52931129142453,1.680252524686603,2.658178594216495
21.506606615265287,205.07738783836618,67.6503277931022,7.300046246796022,8.363454955255243,125.09364021056267,9.562808987610094,5.676672457708984
22.77354579378964,226.01994202480589,82.42062685118032,6.206842758605436,4.498184847055085,169.1773316736123,3.6756171127660027,4.451707744342563
20.426980635477918,103.24104037722768,89.04500815195772,5.973741117948964,8.100021190162654,156.06297159000474,1.828602874742279,8.579049689482835
31.57475018303859,84.09286889669244,76.0964048318711,7.061051030487723,10.451228937862716,57.53390171959607,6.391401284353434,2.4558298159789462
22.135066533871786,53.63616641697048,55.066006930040025,6.049612071096272,7.6739190207756645,60.93527530518553,6.612839004612395,5.3488581993466395
20.618690193747614,137.64688970164923,55.281420136624206,7.1452286370273566,4.415652620434147,110.43099239489557,6.836543381068194,5.667451393051504
25.853921663164968,197.47942171365827,74.25493809533349,6.347476507297525,10.290225595072265,94.29357410719149,3.4066182507178717,7.80004861039295
17.818484499495252,148.0610112749331,44.32662874609814,6.835099798582941,5.610910257087795,84.85764845840717,1.1359961579302753,6.594300600721688
31.043939615080795,159.36873050593226,36.62844678788368,5.691070627669337,6.06896667910431,92.15067483630705,9.685138325090247,7.337698697553448
16.491012873595416,276.0396736234371,51.27732945844659,6.747718649353146,5.317650827458367,170.5224114945327,3.2580374112199224,8.216394285214049
34.73773873201034,137.06386675582507,47.2343394992449,6.403535357474459,6.64172051897198,189.3842080447781,7.084236592472927,8.89762378926551
30.444895385933147,178.4973722899527,47.778487227359406,6.673216926350948,10.05401204550908,110.76540417913496,7.3596688289083865,4.511003973779764
18.974313630683447,245.91325318528578,44.0164650629946,5.836028415489727,8.155086876031499,185.91665031987455,6.490066753715372,6.304181642911224
15.110442342472048,149.13569558031753,32.525591378181716,6.973747489888364,5.6390501932057004,98.2243551871823,3.816166547922834,8.720864627513599
31.309228569096682,205.52167505696838,31.072436084004828,7.225594155086457,11.022640625216326,121.46554795156874,3.439866283876592,9.915609047720451
29.137146876952343,265.59092718668626,89.26334338416189,5.933479600181551,11.036654839612233,83.90434967239996,6.379014544324328,9.116154488350105
29.580143360819747,287.3801559144105,55.66638802415174,5.691429111040323,10.964627400368055,146.07140632637658,8.794860702505224,4.971738100995014
30.425406933718914,86.76837023225949,53.0595988295809,5.547277172092673,5.910369691052314,196.84716727622134,9.52060356031056,3.5613321377492033
16.480893034681806,281.64690629037364,70.77883696158419,6.7839430008865325,7.609914753447905,140.5239644065068,1.9531522396338188,5.91514029925271
22.169314570885454,173.02907326988455,43.09523327190385,6.714188072177562,11.879917249127,103.67211261703233,2.3934575133794787,7.933131614688338
17.317381190502594,114.56109707473959,86.99767103701352,6.59339482542814,10.176099810479922,147.17261689857924,9.502626329047716,5.940552566026381
32.26206851751187,164.78393905956534,77.18070086493313,5.963894192231951,4.2173393698044785,68.43810176980813,7.628817055013133,5.865446906509348
27.46596253655116,295.00814382136923,35.36466013873557,6.281811991811029,4.521636730083936,183.2988620398098,8.946944423467958,8.705843368654405
21.617960497052984,173.1545234982174,55.0548465470957,6.6889526703723465,7.711451014498662,125.46259261697546,2.8236937072180885,4.891230232537491
16.27116700572047,132.18790257187703,82.74709845372988,6.493533717718339,11.273761646892481,117.4024613059463,6.288272839984617,8.878357398493165
21.219646434313244,208.35021357918146,86.68392133748462,7.475571040429775,8.309614383621714,137.8797182680279,7.310256349757263,5.254438407613788
21.503666440534943,110.03640469454827,58.044090674992184,5.772879505113466,7.982500064274322,143.71757941841037,7.121006969022754,4.625864845426715
29.59212356676128,68.96583202716599,66.80468335264246,6.890289108095187,4.843789599653045,60.76637093397696,4.673365217800283,5.631919289597592
27.751149427104263,82.2199304776623,40.02203676552451,6.308637536208584,9.254240837794352,152.39258318351034,1.1385540252217763,8.099575669398948
32.744254851526534,82.01145973944311,89.4701175682186,6.356399229851229,10.576825284801803,86.28975204732944,6.246334511238368,3.0080162229119543
24.444298503238986,87.9756733780736,43.90030208300661,6.935195531316353,7.043360060060499,157.09289487598846,3.2779138526164786,3.571353726976139
17.391884918766035,84.70679316235254,86.56390644810753,6.8848723026487395,10.20489480740262,173.3802191576295,5.052288215286013,9.611558605304737
29.2648957444599,210.21868620080366,68.97879893954212,7.482511987404377,11.715813231206493,170.59377613287805,9.618229135754357,3.403933019050859
30.21570097233795,95.47002109978621,66.46420769273155,5.7567885789082505,5.630131673021513,132.87514511118337,4.591317858781912,6.541818543448437
26.225543951389923,136.4168208309658,60.76131066099052,5.7082192987683325,8.18663704955793,128.02548384661267,8.55821445997984,6.634515733295503
30.41934359909122,274.19710247650295,43.84018870306552,6.948677634257482,6.297103664676604,71.43139420091175,2.6968654517432604,5.916995696401958
24.875911927287817,168.4904100657181,40.591681920330494,6.656773834012818,10.342835352270715,166.30192256047036,7.052144482225259,7.157961988614549
25.45465658763988,216.8894346302568,43.22917254421052,6.0483213331196115,8.620746927049261,90.71140706700716,9.793062589950491,3.8386138063809474
23.550820367170992,93.07996780040746,41.18629572865527,5.658838737977973,9.07665934040243,124.50431342269198,1.917037907856431,6.421298142213986
15.508382534881903,98.0722547021677,76.7750684140052,5.671316499192861,10.383313276927153,92.64111393912751,1.074879480044728,4.977386041975177
17.157828539866088,60.21715406661971,51.0075155500038,7.288381749328236,7.167763781299639,70.07425444995397,4.902245133693529,7.293338077033512
15.628583713734685,92.23376576804114,33.47056059380378,5.883734649437486,11.320720547256347,144.4336545337605,1.8336293474623049,3.1297883469851957
27.72820822527561,119.64758475798966,88.14615780844868,6.146743124231041,8.26423093796912,58.14980522343558,7.7354591470860825,6.56701933471581
21.287119621526536,94.2526210691867,83.02715309780554,5.953312804453976,5.263638582682784,162.29678511893002,9.23093797463703,3.4821628430665896
25.171413823294056,72.1756334392639,85.66513699171279,6.209992611663875,9.56719294535042,97.6380192891675,4.90618875437883,4.229144504920291
33.15132947852186,80.1589677751502,89.69446935878611,5.638847685492187,10.346090803506035,50.0202039506728,3.3284047793989684,3.749678402588666
19.9858445829775,165.19469200818145,40.433714953169236,6.538119581816541,6.534093416540213,126.66937088558447,4.909629871059488,3.462702238950537
23.207658460712594,101.58342960144813,53.77452113415953,5.63522512718443,10.857434055990023,57.02778627914047,7.511030360650009,8.605687612485337
30.111022770860973,141.06746526201886,75.49430854224548,7.100713015644724,11.249146038126131,91.42543367313492,1.0814874542233388,4.285660541287123
19.57596330983245,175.85431771371424,71.76123708322754,5.967424163820866,6.215235899022471,156.04647311835743,6.305085905362275,9.416990254915595
16.53959819657586,222.59870715734132,39.233754380391304,6.580023829209021,11.868171781721777,59.40344324327988,6.519625163986412,9.759412202761528
20.79502905827536,59.828034960274735,78.94998749943707,7.260158175122917,5.125692224390067,175.90077385340035,6.73919422206342,6.570083759496779
18.22442574508009,249.85259972726067,43.46643431019964,6.801754738094388,5.61612534721992,50.572988398787466,3.178198719827895,3.144008981325811
33.59395304685146,206.97509737272694,43.42905688935738,6.565915573102671,5.473798713904209,87.02358038028534,7.426474510403141,4.99638594703665
31.16240759128834,70.43975798721797,62.218465373604815,6.148667506230751,11.151917680062963,161.13560842281072,1.8225233769859877,8.381858106785712
27.66807513020847,268.3946560266943,65.57639609050219,6.166003826116396,9.234340418599695,97.44052245939602,2.7934330282012074,4.939125829576564
32.429211803754356,280.2181001329533,64.80517247026867,6.83897391039638,5.216834265778183,65.28385820990204,8.897230419890338,2.69613774642231
31.07344153798229,65.26948996371594,35.489210243865294,7.488278722442335,7.522587346946792,104.03508782006418,7.648508356539097,6.4542792874255035
18.731401177720716,119.21941203680093,82.64765175782281,6.823678379698757,8.922384200558415,90.55899295767884,1.1237099861021074,8.760966811968277
32.85117996979956,251.55031994826533,45.93600255532236,6.61556683474005,4.667712679915066,176.40678532408322,3.235386343328202,8.367411097148018
25.786844838313016,237.0649225959146,37.77089527696825,6.961301020478492,11.05933094725871,97.00218763777147,2.929658346938481,3.400985121042826
31.14880310328125,96.13025483909433,83.32488479213863,6.430411224567436,10.428828283532281,168.33987076640108,3.437256952332753,7.382116915299734
32.92182599846986,102.33733083417758,87.3390898937852,5.62028468520157,8.041654188613105,183.7808217216102,3.2280379325189776,3.764034107485177
21.360069499437277,142.6180256978455,81.72765703592704,6.62459363175582,11.737012922073363,115.07261293647943,1.5627366616856118,3.745660276417378
17.201038490553536,171.13074629775534,78.57096448349269,7.415250569010761,7.342087834200798,186.4914715781588,5.130464649371383,8.99257418644148
19.558703250838832,204.563692882574,69.3145188383413,5.8506058847153195,11.872882552291983,106.59770809447892,7.594601273075487,3.9973516219218412
23.542155772525128,142.2284098924431,63.05144223654836,6.8800097816413315,9.343359990429017,194.61176247351622,6.4605855224569275,4.1059787721440895
31.36029531844986,165.63367903328697,35.21920559468461,5.901867377318113,9.077370186031532,63.39342867883594,7.055845017382718,2.0052271260903964
32.21461166512687,236.86773453343915,54.50719278424192,6.571655368946162,5.32763916236628,153.0528899754864,1.7303426068261523,8.965352273004141
15.139042610623815,59.170800722649474,52.36131102073884,5.693352899293439,11.055422066437153,124.0721060685393,9.563416391591085,8.340758505673078
25.214946051551316,113.10923608600518,45.585227025619574,6.40074187251637,7.419917503364921,108.14732081834705,8.546426504587224,7.018631480725424
23.348220062975578,228.3373964711381,73.40520682131509,7.012326657790492,5.297867246259835,144.90678181229015,8.245812866460964,8.002126111510737
19.442156209414605,273.80170942179984,59.75254410472625,6.195143048477965,4.100860159806072,155.57856374514967,8.406854245375907,3.2163885393959344
17.397307346673657,177.9193605289165,34.862772954458876,6.829823448974436,8.47804546910706,50.654490447546365,9.394394573194852,5.6665887567006035
21.75230342807256,183.0283713163289,43.21099211698868,7.090899921579458,8.219196976981411,75.0429633120798,5.898285695023279,4.809755098790247
33.858194078250385,76.79300283494402,70.99552581957576,7.354355638958905,9.754828978953269,156.9569075951478,2.8025381608086333,2.750212210056132
21.464058640415104,161.85309170586368,34.56785156941801,5.969284163710907,11.122064424142417,149.95781203673096,6.551052470672871,5.889043881719393
25.37581243486732,183.15431661375578,81.07241484292612,6.298631831618616,4.635252677144236,194.9071257693016,7.685933443011451,9.365917202741084
29.060379177903556,110.61762590868241,59.70879162083846,5.804832026660835,9.8519719227229,164.15566853761743,7.6412565401862285,2.320472952405556
22.27259204758588,117.31080773734524,58.83519463959888,7.484967004316751,5.499295552780658,192.6159061597007,5.693041217501921,4.331687307950351
34.435641654419214,144.32104077615566,65.54446707957106,7.354001935848591,10.865416425257312,155.38107523022103,1.6161284740022026,3.6603274896456277
34.24894589884222,55.01779944443159,79.48085795550895,6.579914260561119,10.55250811089325,94.70783129591646,4.34001644587115,3.9051732293255705
20.035645916507285,130.51979139579458,50.86855247413158,7.1840665887528425,8.326350039884355,65.80473833762846,9.286899476170216,9.267476415035002
24.94497011784771,102.86200174913617,70.68096915354381,6.541915954544084,9.681942388986492,167.27357950174036,6.260040187816834,5.744552433874321
21.017566196335395,131.87433804447866,63.94391783974746,6.74717137600552,6.514800905469987,146.6223832213874,5.84498748930142,5.73039530351855
20.696809887549353,79.9405329548128,46.02169621016528,5.6782488642320335,7.769343191462517,57.227901858994436,3.419681629439742,8.084605139642258
15.737738947090655,272.6318201849738,82.71779918130949,7.010540840993616,10.573095181683772,104.00756988514675,4.31604027924921,3.2359376320394064
27.191286679597937,198.39811338851217,77.8455612964157,5.75542696727047,7.674121577385711,193.51997232264293,9.058114802378523,5.898122832800406
25.05358046457723,219.7755797861224,69.50711007950554,7.152135260505057,6.862386122603534,125.06017185653019,6.998167427741522,5.439881712968478
16.029575024999787,247.29280965183457,81.03490374565452,7.064056175340772,7.953699578002399,114.9093704029557,8.086483240770995,6.775285524373249
20.57292928473223,174.6105497322643,82.03765205758813,6.917489395485953,10.625994019497746,118.6549407738941,5.089108807608897,9.996461626003509
33.165317719333075,71.73007202185592,72.50177860290208,5.572320761049524,6.681664378966982,81.33240860077456,6.672224975105421,8.155591152656378
19.79123781333945,184.27663545463693,80.22079970182033,6.106256711890657,5.39009274508595,105.30607562971929,3.2354524786888677,5.1829256241394175
17.897897441824462,196.71027950521977,71.84828770015702,6.026225139821686,9.696112162646246,105.47198839807649,7.349147472551376,8.620424418192375
24.78905520555126,236.3598685460825,70.80844630561802,6.220272814943038,10.607825701664655,57.85325302812086,4.8484120033300355,3.3656669064998415
34.71300908221201,157.91488655741983,67.11668269291106,5.675285493527677,4.805099828188267,165.13514427768774,4.98290963333271,2.243709490471681
19.84110543023001,81.89507569889093,75.16299837345846,7.373915646062126,5.918992902047558,112.47566478558184,6.843900921191935,3.6355869797141844
28.442710948117572,120.94397644968112,39.51630631758442,6.607604481424753,5.135775918087951,173.32698302246348,9.42652559322034,4.723292448914077
30.23239230657435,140.77057409965877,82.85224555193571,6.111048621316047,6.783531292657333,177.55220016798432,1.5760571194775883,6.084646059676479
19.752750879847994,211.4793103329003,82.31061166471392,6.293963034148566,7.602807831243301,81.79910820479871,8.422689136123068,6.921033124329599
29.56432697223719,192.69457616722798,31.75483698207355,6.394405081009671,9.99061069570645,148.6030223255193,3.631447993709738,9.284845737715374
22.355662654385064,139.02418147446156,79.54900503388576,6.701188666721235,9.209180679053393,120.84227062444725,4.9952750905574,6.078832076403661
27.64611661187159,296.62881219824493,37.73219204840671,6.5313588553929955,8.967428539827448,182.02351068822276,1.1972199589750807,6.010205157005835
27.670594215217896,201.4437048392218,50.10713125554851,7.338783946428835,6.818999572877235,82.36110187646813,3.7094147005088174,2.401944078583857
25.71549368149517,109.30669793399862,74.61049537749646,6.49392696581166,10.731580424678079,151.67198004650663,5.523681183671174,2.2792924212497905
16.805795401088165,75.44561815510093,39.64559376289849,7.484316029646625,7.7702973391853165,141.1628183379084,1.505584696126951,6.4092796953309765
31.70604991178476,88.21478479608301,79.07802144714373,7.202849915490192,11.832839504121235,94.29522163577491,5.419861564448486,5.505428905986756
21.415601299434716,111.48943209612703,79.92805067746451,5.917021028714672,9.073137106365895,70.49013554767589,9.343995659725845,8.713443159842388
18.730370207997083,90.17034331488892,60.44806402565017,7.3611904292878325,5.010117932516022,147.7459640715915,1.948538962970247,3.2854366776947614
15.815502831095278,96.64175601282645,30.383152303010014,5.732732795770952,9.409420496603472,160.7896187198496,7.879966552679539,2.199773296936397
26.817858863764837,121.27379217346177,47.22228799049476,7.134899416982384,6.600832123453592,97.3441015645025,4.687039480383934,5.592310143441007
28.55128723684565,93.34339882368872,67.01561510254453,6.26124658695316,9.49061757348878,146.72489060334706,6.896563430719042,3.89982845401806
15.331756578557123,274.1913561566063,88.87117068164541,7.255948640890139,4.557129185299246,109.2696361417255,3.342129381867064,2.3969149867106996
25.24186116598562,70.05843641541055,67.9088116210001,7.236113380214901,5.399051497407675,156.98103249239267,2.4354303628722245,7.796786294781032
19.529915503958758,181.12784739256367,45.588214863849586,7.111850800235242,10.84589807124629,79.88229123410797,2.444163528441038,2.89274399965798
27.903455808188998,152.5992067474154,68.04034218597668,7.080060872614123,5.817436456188119,183.53225039542616,1.634427510788302,6.8665560000621735
18.487328580099827,295.59465422715164,62.39912278295133,6.109358278196082,10.696329001943521,93.11143946983697,2.670820344111187,4.248398001335113
28.81875476204932,78.00972554201309,76.79072370906862,5.661838566102505,6.2342087076352835,105.16789816342293,6.977974464900714,3.387968402840176
22.734706926010748,149.4638997614354,36.4188383296175,6.3059603575303225,9.14305528046966,58.71379281205247,8.935215506591572,5.03801218335454
33.73459977473469,292.3676083188422,75.66167415012168,5.847049029973017,9.553204588078648,66.72683184819147,8.327131170320456,8.41156620978363
17.750418882919867,266.37678147349504,62.47599472056662,6.889902177804924,8.101238025160423,127.37928540684922,7.166208788870357,5.1367486152365815
21.82132702100517,254.26801773731998,87.77952023153968,6.192199453075571,6.44248541357385,90.13890150919573,1.9938867706999241,8.006157193688445
17.269470424811782,114.47570676123496,50.51232996232116,7.45122040171983,5.701155010968769,175.32203386132915,3.6026870166635483,3.0038903743932055
33.49387236557126,92.72189684751646,67.9573135880369,6.781944154690664,4.26551483649941,52.204008298243075,3.7882618779022206,8.182171357320634
32.54678706761962,217.16080498110776,85.92168633060105,7.144961127268722,6.4315712099257905,106.86410730079044,3.249612517578591,3.895466599253189
20.15883255430311,282.34399728189646,36.15058367944076,5.765049345483697,9.225302324250265,100.6018320153639,5.635050937387508,7.419145039110982
28.19968092068358,189.19072325348245,86.23370923418707,7.224028964545245,11.506438547587862,52.899144637640156,5.819984333917053,6.526252438727971
31.344444004024318,192.90317236747495,71.27314333804881,7.345514381026788,10.969635858104416,68.65525985007653,4.211973776539992,9.433157737693499
26.10401623198925,119.99477341507104,34.07022354631032,6.474123837637872,10.12851821228242,112.0464012377953,4.184102428627924,5.098580143802512
25.59301156712013,242.37323329798423,48.057814016808976,6.712505875501955,10.30757874602639,123.929687667117,8.457000381154732,2.5293215106755236
19.837045818009035,96.76093713938084,72.4903253187169,7.029619601805991,9.319879227807963,110.64346208823036,8.10363563487717,2.1532438844100232
16.862055356117985,130.91980910106093,34.041036088126305,5.8496772545208255,6.082294860528024,129.64065176181407,3.770162485126711,8.614868487782026
32.944315159066534,156.3591096541042,64.9302276105764,6.505132152926885,11.257560245646639,139.26975123585223,9.224095994859333,6.197885101291457
33.00836114326661,176.90259467111377,50.752983417177404,6.297326055544627,9.365858495246673,51.488573169175346,9.575335153022554,8.201952414679594
27.66202914546536,110.60243310377007,67.25493106604863,5.792747984324498,8.48352504784352,119.61427391802559,3.9406828782703673,3.8754048000921175
21.780595820974014,78.70920618480088,32.74452202875077,6.235068844583063,4.887915753707849,194.52488613313824,4.1898245391374935,4.76066996410587
21.984191492253217,202.65501061040814,82.29220836914257,5.636344618770988,7.576444350451403,127.85484201943231,5.550707380797629,2.2408309776905515
29.519113577404788,122.15763831006394,88.4093381506438,5.551623813898974,7.68286616961541,151.63134011884296,9.470087312803061,9.691938596592898
32.94220519905154,195.30955535565306,88.13267131714149,5.770332578309645,10.91650887618136,96.77957868753248,8.886874898280805,7.342943253606507
32.741728485302346,88.59067881855057,74.97910990457548,7.426230223178347,8.373185761502308,166.0987067229144,1.9231116632523082,9.465640702074449
30.597510917152476,170.28502546370436,37.80517440783792,6.599059071790034,7.043204391763277,165.93822228141727,4.534576689442746,4.123971259432579
27.840632923085757,183.14735813789648,75.49579175574135,7.43164432230644,11.814402628085276,128.19440714812083,5.9803407077479465,6.891708889805287
16.682799299900978,62.95588420560673,31.47521498752809,6.364995756660264,4.885764746610525,196.40207349188205,5.52819225296386,7.4279997463411025
18.232574281892276,134.15106954848017,31.327413091739835,6.123632266170519,7.380387426495557,68.83253221439801,2.7447676114320343,4.5403976020607075
32.97108377054158,83.60366923474356,49.41661314897247,6.512283725680488,4.336197401371242,52.54214973343715,8.729350940513392,8.78487388012504
27.1285811931918,65.84374261819194,59.318591424279944,6.3790233772658205,9.919232966135443,165.5237317635644,7.092467046971536,9.577291703201983
15.183941032332593,297.4900580974863,76.22444506846759,5.711329368523488,11.344612417593204,171.07333060473238,8.541175373666231,9.078840941568036
17.02943085732064,130.58846124368074,70.9977225963903,6.781652629380412,6.2402986364039155,68.03108436808644,8.72887851414525,7.91253580751498
28.270035382161115,252.4686114636587,56.7541623826049,5.932076365019199,10.866733414392968,89.83742494379092,7.735202682991658,4.219717437799632
15.101231676924375,113.66016369094096,46.41759997689995,6.739175909795659,6.337745843695182,52.632854504994334,4.9528954112474555,4.252928336845054
18.216161028349973,220.3756805559823,89.82747000946267,6.800402184796306,11.286161293151322,93.9962916170847,6.494920795138821,9.706882563568303
25.974675787331723,240.05696497242164,55.57087813415838,5.804049706257296,10.031695228774272,165.97128108780072,2.4432886550776884,2.0822759674855362
28.837903953853864,198.90968515196107,57.08322145978053,5.622699254221336,10.439254214731509,127.69407915688684,7.062808757274169,7.728399785937156
28.03922519005201,167.8940471375396,39.81742927150015,7.06152317213688,4.144052444803636,102.21433897524321,2.6132793016535265,7.649969300442097
19.485386189211198,152.9602285368171,77.68857292499575,6.41960084753864,11.702482856592209,105.76089423594954,7.245546314591412,6.98151632759838
29.24358442695072,137.21706663574884,71.62093354688932,5.616327591010951,9.813367936562585,50.203043857320225,3.066383446785718,9.920870768694925
19.744981749936002,282.38228606195645,43.24617676732562,7.489732634339534,6.4380087630890666,94.97007913478538,2.0579617013519798,4.495035486109802
21.507993963185356,257.6548519469323,34.94286273695056,5.615561121992734,10.635157318870775,146.96881124568958,2.487560411286617,4.719774910345985
29.92982810236048,291.25672766662814,70.82995812448279,6.890070457717107,6.25216958731944,196.12916657245356,1.0179292169716323,2.6315152235724444
27.992657980944294,81.07430587138619,69.27067285686812,7.467357850526827,10.982030716529025,177.05912404758493,7.468656560681772,5.5423850923499
31.98446820988356,232.71686880091107,46.395571619892564,5.978360208431852,4.900643123295496,53.53924469682937,7.591609441525412,4.088388209878785
28.15225784600687,284.58511420525946,87.05181373502462,5.784498737374392,9.629487819686366,184.7840907012259,5.634400149219335,4.747093617421154
26.36617206670943,95.30826654141504,39.06347350685401,5.742769878844857,8.325587813159283,167.47976199479388,2.4522652094984534,8.67657432204502
16.87349535656185,66.62406684169437,55.940088062556114,6.106550295135191,4.7722757615635265,167.05641853564705,1.7519890375962077,9.483876108219967
22.35431606118867,235.28016232251477,86.61695521005593,5.702091622021293,5.935150626070712,118.69936385053572,1.172160697935583,3.485864576041485
20.30404735363451,193.61827829497798,55.18363901556734,6.884322683388264,4.099232290218518,109.70079394317543,2.4917335926869866,4.980071452427727
19.87979286758167,260.457194189568,68.31155685984513,5.624583596260125,7.750143723716047,95.4373593249789,9.01769981484832,9.429044496923153
34.46021109504891,84.94309415657237,53.855663877767654,6.518844256299579,6.410122086080003,59.854228843154864,3.173831575315136,2.494467685513781
22.861954493335208,248.81682796497256,46.452912140920205,7.493393707705954,8.78685987438207,84.23530452405487,4.188441944954941,2.738884224891028
32.84093110354227,100.40683001193614,89.0386588775897,7.127940539012037,6.3779024616689375,86.9905452467037,1.9481093603319986,3.302327913649835
27.622772519945258,90.91398571642613,54.560040378902585,6.7304388764620215,6.3993528920558775,122.61156045653024,3.0012517427335323,6.761702673014998
30.896226070832967,91.06644948274823,83.64595222074806,6.112507241573224,9.945545589852827,162.1166609895041,5.673021137021846,3.2037781680479798
25.052741862103844,253.64368005784553,43.79727635346517,6.747791672583277,4.385142687826828,121.071474259692,6.469774147860873,9.744611051605869
26.53807769252718,216.29930517405003,42.786282241505,6.554082927823304,11.223159961535899,58.67666741707409,3.2081708274958993,5.573716218068163
24.850353876377277,180.76635619227983,31.86804497307068,6.3521667677807425,10.818110995129452,193.66847014823057,1.5195894330260549,6.012143682801331
18.90485975596089,139.70762103087563,69.10000952255311,5.761420753480399,9.342437465811251,191.40864786411683,4.519295822146588,3.973268926443252
29.44904230523011,269.3001352032771,52.11158062342567,7.273208430480933,8.745772560859074,167.77843147226127,3.107830338337007,5.767682019477868
20.615447248817116,148.11127685565884,81.86149499037822,6.399569297642645,11.138419985117217,198.6991852346331,2.9759853090682173,7.295309061096092
15.486319328629076,254.14985986789426,58.392594401493426,5.88924502364153,5.482641436229716,131.67234992003944,9.638765224421098,8.009417095632342
27.909445918143355,159.7837271425546,88.09160567488331,6.235518701754579,4.631753297526629,194.4152525379809,6.546704373331517,8.030944661679303
18.542213588140978,144.2361073562269,41.13153094218727,6.328259505057854,5.916081359276305,61.34075609251262,6.011905988548863,6.623128901552707
33.80917168705828,165.6699464174016,82.11739007733664,7.155075791133749,10.356626229601522,104.8521122392057,4.741975931709897,9.234878199950858
34.07857154005175,125.34446854103552,76.59581116750451,6.967228761122804,4.277362133811867,83.80719020101488,4.8604990008712985,8.539262778448876
33.29728780440897,236.90234504406277,76.25531067864313,7.038609787282679,8.662454680667917,79.37496262014051,5.868145034542727,8.056384917589003
22.403174005108887,175.6800975231198,80.68699368701326,5.522062528857294,11.96350012953048,71.12044233390141,7.267868263324965,2.444844173443685
15.309132330577349,108.05317378670432,75.66143945657993,6.332307996359523,10.845568750700316,143.36204623489948,7.319314865636465,2.0550236977571945
33.566371251754504,274.89364331864215,67.57321929788492,6.462688303270648,8.171565512348716,167.19827836209578,2.5452451693490463,3.6995782175637837
23.563682966346285,145.97280534330287,37.87469266094325,5.538384553646114,4.509127274293139,136.7447599130541,5.501014768689643,7.308188751307618
34.33309638087339,185.88821527849714,31.951570769475115,6.019626417490068,10.650988115085678,72.04440643823145,4.7076228553069175,5.2895799110603665
34.272399541785056,276.61802774113676,85.2508708689412,7.02057964624427,8.791828065417684,171.66856549002063,8.834742696424458,5.219250074394494
32.060189109347206,206.05949897849803,66.99901887124429,5.774219411457998,4.919463976476535,145.39320607455926,6.682770290965387,9.07669510583691
20.888977841391714,79.22451017709102,77.79223745857058,6.570620262905184,4.75085827858685,108.22485591904933,5.792536597743836,9.16450278505471
22.701954572038506,284.9580309033688,58.891341090753,5.930403744034475,11.27701455549274,151.11954433040944,2.0385517796102564,9.273402112428686
32.02273343033714,206.92701326785448,37.038491337743665,5.524241549287787,9.353602103504628,88.98574688642492,6.450741003910703,4.511024612120218
21.338440103125553,133.72640366427152,37.511147532153025,5.982402915199083,10.634294394534045,101.77883127413158,2.054835151122101,7.528446501914094
18.38985493372185,84.81801816584681,71.13391723373829,7.451747509820107,11.03183120225814,187.62287646979854,4.034859180091768,4.173065450194957
26.136025249167005,248.506297317574,55.818353693967765,7.103074223765979,8.574178816386578,93.57567585071305,2.2855776833289867,3.5248786645955983
33.723095483215616,205.01818898212838,42.0314836020202,7.419153288642066,8.13957081404033,120.49824022369049,7.22866282321932,3.4770596587789537
28.92059593349946,183.36527299408039,59.49567280448621,6.475708087852725,7.4434192825679215,183.5211706094022,2.8562690245253735,4.736860966908752
26.4012234017873,273.4731457627394,33.85253622450804,5.719472397355007,6.535572702328954,156.15820254012914,4.526734358692234,5.439660958238574
16.943529875415372,247.14930280613268,64.91828411486392,6.595918977947386,7.476767686869694,59.33048392470541,9.061072998569008,8.647593368440546
27.300144533983396,87.91871993318779,46.13960426610586,6.408754669119922,10.191037245841251,72.09545664184554,2.8388474505907326,2.9591287477816968
34.801077002085265,127.93051694888706,77.85354603823129,7.188714165479232,8.815387448121053,51.176238615787526,5.570245575629012,7.8794067791591536
17.801680304730482,112.12228495361643,48.621717535414426,5.696165161568489,11.140186319638769,144.6382685343745,4.7734449504941985,6.251639313514443
25.366593047274733,235.98657314316924,57.31320894490807,6.476482274043557,7.547040115033502,117.15101381156275,1.1631163694115676,4.30356274140794
32.54746143855911,58.38310868394485,30.697232394486036,5.8000973293879685,8.856716629750032,70.14122763534132,8.134823022155315,5.942556676262597
29.815372355084087,192.47242121782912,34.34681326767353,6.14935185378012,9.05046042473591,193.69011815851556,1.6214131568313976,4.399536558216181
28.94031481990536,240.61467143517262,53.549613384401084,6.974714154775599,8.733577298450605,129.448958591843,5.268295188792583,6.768655641906448
29.049681679742186,269.19140919043735,58.796330083027414,6.452036258737533,9.62107018468413,86.28399411693337,6.0461046544505495,5.470751382841954
22.189823024395103,135.52043717897686,66.00123288715822,6.251776570291539,5.89946774699845,125.09053567320613,6.655838109531284,3.31524423263103
20.871836885289866,255.31432616800322,47.499754722558194,6.288952557140071,8.098910220366324,151.94304991026615,7.197684663770881,2.9326645964455738
31.187223109570272,77.6579342388018,71.69891316759255,6.418893536811973,4.833798422466781,61.43588269603467,3.2794514517044355,6.373565456577041
31.202267893583617,261.61307293362955,81.60734383135227,7.070033087674114,7.0760906211585,91.2055722571838,1.0898089899260444,9.219304266288827
32.341446371602075,81.8721655829956,76.791059333601,7.284169377880469,7.901336548970115,171.04482363259905,7.510992961194208,4.751661492461484
33.26481105112943,149.32182264009182,32.37712952090143,7.410669373007856,9.21779407636378,118.94973056039919,5.820909394128208,7.864000857780986
25.226847977218757,249.32384144488842,58.830416835469734,7.07380677251059,11.604248420689629,131.98657130484423,8.52505932886524,7.269290839518136
25.030325893743992,87.47935683719345,36.29581070509049,6.130813791496026,8.805208532386846,114.92240033142039,8.392495266106248,9.452439314475848
30.965903579335503,107.31284880816037,44.522700951751645,6.876269412173084,9.948751329412477,56.58499139645077,8.58993551009095,8.567848138393128
27.999278615555305,230.56314209826658,89.19975559602878,6.375206248110784,8.050128475961621,74.86246697302339,5.365851939815862,6.532842071243704
29.03933754515407,230.00913413651858,38.5497325740908,6.009341244092102,9.07283225101065,116.83124581128364,4.002655562531791,7.2562439858728585
30.91585338872202,210.28690822132432,59.933289207081366,7.181743158851845,4.567457729070187,81.37781981118917,8.124023823322329,9.187091732672279
32.800106836351326,223.487111116775,67.08934405908715,5.57685269792465,6.035132646734776,57.49685429895181,5.061647017263295,5.196150276695478
21.759903137030715,185.68111083689905,72.14789823264624,7.303523984270847,6.89482474564111,176.54744960777356,2.6509797676309104,4.614357646862219
22.51165905279888,112.94976472673818,63.578921009214845,6.422954929249468,7.779946840052109,197.17887937461737,8.69476617605327,2.0864886690815707
16.87963879681738,136.42399837597986,30.58625084515102,6.774402953616561,4.36518996401907,168.9714310995109,8.943038890951126,8.612408593531715
26.56560281992348,95.39942920035642,49.58767849463951,6.818707844411565,5.1201927804265415,178.06773825570005,5.196787805261531,8.407845603226919
15.718845475934842,277.11264033340706,61.06269860308269,7.290235481413073,6.214514462330446,86.2965695475568,1.6812975457880872,2.835636144801211
24.311960362649202,195.84794869153012,35.27198994869,6.773339364334415,11.772261527208405,194.09404632697996,4.490434809252381,6.614859049061602
25.85289269415153,150.21285419090998,51.037615872550845,6.727867169520124,6.650776056824406,79.53885566801426,8.231838935163431,5.711853585335099
20.730825042565687,165.50145091103317,31.992186527481994,5.63330408112138,7.85632846489666,192.71447155427484,9.115966256916058,2.9496727640728917
26.816665211380215,286.82083490295383,34.71470982930124,6.536816043890408,5.5687817019071435,199.22289409489267,2.8312546824783626,9.844545816485788
15.610004998780989,88.33785077902004,53.815396572095764,5.800338001634083,8.886240568606146,156.75842086190733,1.6027625082274437,3.7175670997068435
15.746963774984287,196.5574580041993,37.96294524258362,6.974867537442972,6.245465724127794,197.17155976877328,8.896154078195547,2.537873440724489
31.452011213193167,176.4721697211165,64.05245089569348,6.524443841625349,5.655940627507414,135.43096693506556,4.504644450809877,6.758779036015277
22.20381282822526,202.86355885866195,71.36789814823595,6.860455558416707,8.132581027567833,88.93126747641355,5.87584867840807,7.910933417064261
17.541210253037697,54.52754595521013,78.03520194654497,5.583345801204769,4.044046393283367,115.54938284984313,9.71259230845683,2.2595475683774957
25.444865201096086,268.03097723603787,42.009014654688606,5.669584032091606,4.061312261193803,139.0341403068179,1.5990825512280056,7.269741109816177
30.399871061972217,283.0295706209031,40.04895493554419,6.932646776125365,5.752550472814862,60.962234304052245,6.83486206706886,6.2583350076116355
19.316420549936865,191.28329589730222,36.274070420064014,5.644168671997347,4.293770900006569,143.3514896925869,1.6669488031738036,2.8261200710003873
27.457809516380003,224.16270596922305,68.1858149726182,5.642513455530517,4.864206033045531,197.17667551434417,4.379220356198504,3.3801910155708965
16.70694929987536,280.6248452943239,72.38854358921407,5.524216950469775,6.710885194710013,78.51614746755914,8.234330906741022,6.543794378528644
16.033634423372153,226.80965857834966,31.895168689538522,7.41300279659896,10.420685436638504,168.8892674432575,4.90125009480071,4.370860908106307
25.62709263136296,88.13476072856534,86.17273477462139,6.975016718918014,8.576389146954407,186.1848190669429,9.974641185126554,9.506525829210528
25.81270243220213,194.0720900417033,33.118277019088346,6.206502817004129,8.10134180765133,191.55523892303313,6.031533564519419,8.549921835872407
27.748598029964132,201.67876159571398,62.47778011806423,6.093071162575311,6.347910585664973,194.02034066081708,3.8904593737235813,9.868537652109303
29.52182667445323,156.0326678255965,72.54363116705498,6.1994064594916996,11.454029755462532,128.21894580822078,2.981001933142778,4.077366711603312
34.517041589250695,234.11105890618072,82.25814742476513,7.049307062362364,7.176120329897533,196.59618619872555,4.154684808575457,9.757789062383816
25.326006966023904,283.59175369225375,72.84521592794567,6.822741222140829,4.696742134366172,163.59653107016584,4.352799463835957,5.449870958332463
21.45912945882492,281.39212822669407,78.10368498418751,5.870391135734936,8.93653212894241,74.25071543554428,1.6184230995156488,4.780150362510037
30.90372389537407,162.70984285103305,50.367011552568364,5.848218670668169,4.910707147812811,121.5350159701955,4.326167794840958,2.402796215754826
20.416645025241486,78.30951146018882,78.88950682479074,5.696791299426795,6.761785142413537,157.7496763058006,5.178146677653024,2.422122062876821
23.779428414112722,296.21029974058365,34.806890783080505,6.8206054394026765,8.059295509742471,87.1010473728625,7.504639770149242,7.5360900475732375
16.56912762684532,259.7245216114835,83.68899936363167,7.028745324443472,10.993780197481406,146.0922775323331,6.910565362494472,5.663431955472223
15.50701486830915,81.16567030081671,62.85554256922418,6.030092856650008,7.948372642720949,149.99007185699287,7.378890897062388,3.8121730082888456
34.2529682935585,280.2104706543431,79.03786619774962,5.541889922061825,9.618070128253315,74.40496157128489,1.0752731368917139,6.911762450601861
31.719602410244118,267.4740905155321,57.13909707109801,5.6643433349528545,11.942534711992563,134.76279686791344,2.9590065962248246,4.022864946000889
28.91948412187396,179.70951428151804,68.6146617117915,7.435720069690061,5.051912959183853,165.74403664679116,6.955158595598708,6.621054034755381
23.179058888285397,197.81885893623232,61.58415965616679,6.09088955495484,6.197852204156156,124.83434968039128,5.3559043136177245,4.873669975861523
18.465886401416917,149.75067596753257,73.89537130531991,7.038446295676267,7.156608604781171,51.81546751641611,1.0478212810151135,8.588417812894551
18.12874085342172,63.69040970550783,34.897798921835374,6.749327137708527,7.374625428310651,51.355770361893825,8.240451781886401,8.565569286134235
20.004857963291904,133.79931041147523,33.62112503943383,6.263879279305792,7.288168602124366,103.55440159550183,7.955286159613037,5.818803184979211
25.984533294122407,250.71336214950287,44.82619404060878,5.91137452439111,11.26088802045244,188.9291102647673,5.935772466942064,4.806552874680125
29.291918454001248,51.15800575115072,39.5726808067913,5.742772836318813,9.71226115573485,84.30151694054132,1.598169931986449,4.900478372472756
28.203947534354626,133.37479292278604,82.3070139955321,6.730025936077733,8.86324171272563,145.15455333075306,7.8986354457932615,8.445716205345743
20.598677938918858,149.54217339773584,43.15283924148266,7.049267561275576,6.474981742902257,83.31138060399809,6.253422289582275,4.625435862380896
34.097305613263885,184.3489007344807,88.55191534914788,6.787808507082262,10.590323073770357,98.25049844893229,8.037639794421633,3.672474989654768
29.75793833391537,279.9639041031901,50.213747506266415,6.560604266498316,11.640484091879912,177.2063134402226,7.765722931562564,2.6775067350024546
26.087081050228015,136.5864985914903,40.927074941321955,5.583902446863273,10.569586260401813,159.32921634049202,8.227018647620534,5.733544967075267
27.234414924687044,136.73830047405693,77.38191042854875,7.436977555188768,4.012520841531783,64.3098915969816,5.6620725976416235,5.857056791358735
23.3920012485558,234.3753120274371,69.52246653005257,7.097428383309149,9.091210961467256,114.30530314796505,2.262920663741635,8.727269683223257
19.95461979002315,163.05448522245177,59.89174298718834,6.085644073401929,4.409083051536806,54.37546454678967,7.040417260417198,3.769909571568512
22.119453573025233,106.1512057349955,63.321813056257874,7.459940658717701,6.060857762669775,122.13352199045134,6.584264065467735,5.047930189347199
30.15692220928738,163.10987903317334,73.15210669633584,6.703763179272644,4.4761976027821735,149.3651017551602,7.6802786847917845,8.467245911149528
15.287869772595117,85.21425509494996,43.70728447987793,6.6648453164144925,8.830363623595101,67.77539353972273,2.5289290544566176,8.588988885991789
17.321452810138325,94.09674662655583,89.78003496340452,6.996146358859065,9.492719307940854,93.33274083637485,2.754776799102603,5.076888607830146
15.920052840435055,174.59194318486993,88.487589728807,7.123539576180275,4.915901104527241,109.67549382532354,9.013685654973957,5.672992186293447
15.814576046379402,154.73136237613699,69.01954118081622,6.8129572146630055,7.070711064359836,187.92965369840746,7.749800186068637,4.426287126794263
32.10921168022014,278.711475267025,41.972547055748706,5.7561914927324,7.649892071644336,198.9882523134446,9.174056398302906,9.460439027354496
29.073157187600472,140.59847477915827,70.81369454587748,6.176535011988997,6.952424174087333,56.73669484934238,7.8284378904752865,2.9491501259326425
24.483476581746505,195.14708756951086,34.33190453875055,7.3561672806521,4.968200003881544,164.1511885243088,6.374397753912717,9.46999538401176
16.95668321302003,208.0660719798826,31.839150132348365,5.949231223687704,7.351582321499803,105.75860996035149,6.887194633250863,7.470931614682746
24.832317502336647,53.27361414708341,45.46097331067282,6.244334047675027,10.009424382467344,108.868727934422,9.00215131546009,6.2525772214938495
24.469435415611315,215.88434300417765,57.75737740435898,6.364153765888392,4.568061316266044,163.1397460020534,6.209260790607464,2.261272486275967
18.464037398200304,94.50899171743785,82.09635032450282,6.378809979388905,4.641440112655228,187.7639648218113,6.691521918955487,5.804769534576066
23.67703298475946,290.2675793673638,73.63014418597848,6.725879164989051,6.838170334687874,192.63928917538226,2.408290444032405,5.261984840021858
22.97009468794747,87.16568193827824,74.56239127199886,7.386151675489415,11.5338056929514,136.56838790574812,5.265290981044925,3.2897504958009804
27.31700196104433,153.65603093175594,55.52960006688452,5.98138542366501,9.348581173783312,103.56817389507542,7.44757400762289,7.251276828005255
27.701873017352874,71.33741701966096,50.75609955281777,5.743002752601836,9.42935965338052,168.13236287881688,3.4384842848472887,9.769207258946286
15.90608019544089,299.21856296148684,52.262325779076164,5.894940979719875,6.89535992670292,87.65020748934504,2.820287624720814,6.497510488516201
22.492252292529425,175.54875258281066,89.25897382416346,7.273849800418539,8.749286329668308,134.61110432502767,3.82444127401974,7.7180262115515665
27.517198314284727,198.84625433001094,32.406551484748945,6.7916216253104125,4.081049472221947,103.78676922873098,3.173505651935501,2.5476036205281343
25.062725171601755,66.76911934710687,82.02188976734692,6.07181357847832,9.088768371276338,148.49466105618143,2.934213733327563,5.341335966535958
32.12979682376644,237.49011759979444,64.7205245143436,7.131893877937235,11.306295580609895,86.05983693402604,4.823657585812782,2.930867881315967
28.173872632378902,102.47639827389645,56.31692515137543,7.222739992726872,8.900587746758553,78.73894186022386,9.170546624951808,6.902366684292083
18.258688541628594,274.51357236017844,73.51545962490819,7.193028677380556,10.98958874773076,187.73586300131555,5.563536820648465,9.507857265713238
16.411374948008596,101.28491012050179,59.200136485482176,7.337853067279109,9.791784443728751,65.27055244243053,2.691283427337907,7.294221859773108
27.84838556412631,97.67193016591665,82.40539428489964,6.004482040346723,4.964467331229522,125.89368616023975,1.6927450244278668,2.6144243865153722
15.530226210832437,59.13741696202372,84.04211184067552,7.010083857492557,11.219626458286733,83.12791744445134,7.265405306241327,4.837329639880663
26.715511625469265,168.01673627749983,55.30325561240733,6.42107899454828,4.531550754846199,55.839494498850115,4.445188879927491,6.405307035526812
33.80460482849915,191.2102833156541,46.60966783410309,7.183997105780123,8.27173978038211,55.402822743713955,8.396478519268234,5.225662049066018
26.50948355751758,66.4271598570881,65.54101971560173,6.956981354323227,5.137096990347661,76.2832658158741,6.935596917766931,8.669152083801379
22.763398524130437,243.88190417375264,84.74180073700145,7.052894892999449,4.0936528858472325,180.01555317590004,8.166173054872317,8.517368037679914
27.865764368847064,163.3222086870069,42.63973134033999,6.812323675362143,7.376274081021112,92.371811596554,3.4475143547660387,6.8946481608257715
24.165057809830333,181.09756733189502,67.37799501380897,5.854857538939414,6.36032566123325,192.56887558629435,7.231230302149523,4.987663561061642
25.9123357863187,160.19068673455703,67.89361320555123,6.590053837793876,7.888003950380824,137.24334394837905,3.376557862243469,4.042690990105953
33.8292961755305,150.1907652188315,73.98678134491686,7.469339479049016,8.617599093876407,115.49212846531492,9.451616315052624,2.8469945457050345
22.722052756015486,189.91008282705448,37.894061107635586,7.374776132994238,4.349912578471579,137.0133252004182,6.7273685338003695,4.839181467892432
34.22381127647829,88.81006148267812,72.94949788092532,5.586347471594023,4.984026360989965,127.50475778394016,3.920606201578079,5.305380137661756
33.107012839121275,95.48203262381779,84.54195123993847,5.829629631458874,8.469139171603402,163.81643806359875,3.425606760630454,7.406583400832589
18.915822695785927,265.44640525337934,40.78098653221452,5.763457546909124,6.745338825381266,92.37440989592784,2.718339265644792,7.265278594380588
16.38722601750331,286.5288655334082,44.25259949543266,6.951959819970591,9.833387900395584,102.95755874004536,7.25176863004355,2.5608651171300556
17.01556002754853,143.32732906993823,88.28370564249838,7.13557065971389,9.218333188735517,184.1141453799876,2.968440516981346,5.162074523449262
15.364436513030995,117.68616828588844,40.85861716256939,5.927022732621344,10.764834903919255,191.9684769725608,6.357729393347402,3.4542309377388953
16.88885921511857,210.99988580975395,81.26310560217475,6.511705385903658,9.539942613353801,183.88373412297116,3.381715242328216,3.2545016425344455
28.660135468327137,152.18354277452408,59.53667138688209,7.1814060560224,7.439448619121185,112.91719909359703,6.9577205031448175,8.618417197897967
16.42377296920458,56.346588915086215,44.833864464190626,6.965603089532501,9.38373297915546,167.05482545103226,8.334457556864852,2.3353217337300602
21.379512605875227,89.03814934154758,82.24499407635068,6.584474410983697,6.203049394043348,121.45035999516482,8.002227188301879,5.353463007216971
31.89750621938909,228.9930572118494,56.71831530015993,6.680695380917546,6.450507990225701,124.63097782191532,7.847661978377036,3.3456292461321455
15.465438714716518,214.73098547753784,60.88904123578141,6.51672109383256,10.311881279366347,80.7020163585926,2.6895016512302687,9.034641725427793
31.289369651778717,56.773998125870875,51.55400216398594,6.095096902637641,7.571356131212657,138.6695454887775,1.7954645228606685,6.456324106200281
20.637095495468,105.49304048323737,65.57705108609565,6.630043985718032,10.38704272414682,77.92038466300218,7.290539456386471,3.851045091014784
17.363296552433127,107.76869914701786,39.81143235510137,6.877770604100181,10.579378989346228,99.73470486007906,4.315124924149162,6.019418297331011
28.934743307283014,217.9731858996821,53.46489219910564,7.246645831721615,10.86049870129027,178.25453024299028,4.891116037630126,7.8518908776249265
27.578856935597678,54.92763443859104,88.16473934011725,6.772582707958496,11.333081886729659,81.06137138162828,1.2803418351405196,9.664944071355471
32.549440270541055,76.02714549614346,45.48800596206765,7.022243074086316,7.44788176410637,60.67374277601492,3.3361880434754427,3.7635680339633515
29.701420876077716,249.97902134329735,69.40419987247753,5.8201432699091455,6.550934546569111,60.351138891922446,1.303087634870176,9.08945417703476
31.06961860769697,94.6361655135834,49.511403853481696,6.423114948839579,8.65758997275291,191.1176780754662,8.912671953411229,9.474432913339921
20.64069145142613,213.18652696296868,76.40838754119605,5.518663239654186,6.969379387501021,126.03806569427519,3.190570148966774,9.331364356256529
18.548790875594456,109.54569526168163,37.85241964310099,5.993357729043246,8.808593334401863,111.41181077255274,6.016034526157073,7.083314854895279
30.012295032817168,74.86034818983629,88.18926270471269,6.95292343022601,9.644686901150596,171.63178715118778,1.3508138859501737,7.0385652354776616
31.13669478534528,110.79304774986352,57.22737248301836,7.483619902698727,9.507240147937095,175.3738891865774,7.001626521750922,5.225685065470582
34.81010284001347,230.5667329639148,44.16302780078784,5.698356199174432,6.996423096160971,99.8286549673407,3.907246111786845,8.019183058430304
23.25235353822853,263.9241170265714,34.409804839800756,6.3029886317225765,5.3348816135900226,154.04270862106927,9.081272682618993,6.250352146807455
22.440361715855666,257.5549661417479,40.18547430525244,7.100141937398319,7.44423470769766,165.66842237778297,8.993063700406323,7.419504569826356
30.528259214839935,149.2958824046137,61.186436913361064,5.908071269257798,5.14075315265527,148.19760302989317,3.92761556525573,5.427663230790364
21.816070805060356,217.02128414266153,50.22019058587718,6.610169898604573,11.120776281470466,72.73926122001491,9.108648061214211,7.8519717123451125
33.61514651207129,101.24607385395524,79.73300195295657,6.96614259205935,6.767019685902859,181.38246252755854,9.96541906148901,8.595772140836392
32.16825503686024,123.28693256525331,55.85325141970836,6.731970900520358,5.23567797778659,130.86418291040133,8.428740977115533,3.171490052822529
23.579880547500366,274.08395463027995,44.92285635525779,5.876049469230832,4.203582079246007,92.37086395550055,8.60384212979706,8.663437724593823
30.017421355829946,53.25048087768401,67.0286991962418,6.210769137371479,9.166579090291874,113.78422781565408,3.2410786249818093,6.322372254322458
30.090857481693646,71.37713271361702,72.40663301312675,7.067583568970795,9.095218539637946,55.635663559836104,6.190321589719807,8.757327272721795
17.062477376718654,101.97156378650683,40.02251447405699,6.608453028264034,6.724833332650333,69.18002018336263,1.6053032257063107,5.450413650728117
33.05105813359133,56.63305096845493,40.05715297729906,5.510459227085826,4.573695110781208,164.83201257737915,1.8542614313950274,5.03232388306428
25.105047448957144,95.35885877244934,32.20028561601258,7.021981520056188,7.277031159161856,50.00174521330492,9.990033508299616,9.32048586013778
31.529149322154833,195.76039024242306,74.18412090393844,5.570622709880478,6.489739960507149,112.48487427234383,3.9397532448331987,4.00935414038721
21.400992020612236,155.3561376481245,69.8282716573083,6.9914675654624645,9.416965117880075,128.37652716283827,7.733655208439617,8.753698602289145
32.91046456992401,273.1679277692437,58.477852544988835,5.904961120330475,8.846233995621523,58.19516300014584,8.259985477241347,5.872164580075233
22.784033574683264,254.3608904346102,80.65022693815183,7.416146960238761,6.91674982558032,195.96172444584994,8.722209439065063,6.112763540410078
15.216753029605968,135.45433792446897,78.34020917700319,6.235881502604169,5.743140434039921,83.91879968745079,9.978654676619408,4.467746251915872
33.10763952838528,114.85585835782312,65.12126186380513,6.153863232676159,11.904287729244736,95.62980794544214,3.1734683673118105,6.584337604952125
16.82573353572267,144.92310204181672,82.09627683079552,5.79777610066489,7.632012969568919,95.59137683825409,1.3631574417372974,4.6016895702096905
21.3862727518083,197.57373562870194,42.350472602206096,6.1112084309804295,9.506193886241896,84.56249931760249,4.700723661951274,2.3141553139332185
34.0012393410161,117.01591020571907,36.71517716386367,7.253301523656401,5.124423740626886,50.221073312946714,2.1707260284605225,4.175988842754848
34.012142938751126,206.0372269622835,46.18497669101937,7.492668675254494,7.884717597275182,159.40171911319945,1.2018330024584962,2.0510323472527254
26.46875776246572,152.3529130478101,33.42521136535889,6.2366190610136965,4.220293758955724,195.0268249698928,4.243841444273375,9.826838296454852
27.636744243395984,188.01179521299505,61.87017168006192,6.397221261909085,8.043640943283599,83.64402249275676,8.053644259677128,9.72597767855798
23.968910439566393,159.03163228382917,86.19634153769769,6.9441418764054745,11.712139256941619,149.45707877051336,6.095626221025638,5.16124237977844
20.86421543396129,123.61643988547942,32.36061244011058,7.272391560930149,7.073653703886402,161.28444904380729,3.8150019028931865,7.826966834717168
21.57329090739832,287.11332674053915,37.32659484060161,6.686088668373568,4.311968100599293,177.2638068635787,6.889078049434477,4.7664487872834
28.450369121540767,240.90144853994022,57.13194169700611,6.283051396355659,4.247646327354748,113.39437955204137,3.0881636227792963,7.368745256687808
30.0474905887536,85.02829394161313,86.0325010516743,6.3252436816972475,7.103894079574956,95.43963584606439,1.1294330146487652,8.443440344367833
30.83158087451697,267.1169939744782,48.96936629860503,6.8912362929936135,5.280199491705552,98.79427010345466,7.8791804779278465,9.574049957537927
30.792362855891078,171.8577995623784,60.43408852130355,5.506436527208558,4.186816770625487,156.89319996477693,6.613687763776082,5.201698206797376
16.824122060973806,273.6380567235228,32.494371543023526,6.739178674919682,10.049708911601414,172.5169199758454,7.86072362050864,8.266383863648382
24.88840609405163,249.9638139868288,38.90059205772533,6.210986020882714,7.6681840710551255,77.2420951634904,1.3504421501889905,4.12742760505695
16.151175200332887,156.30337611730835,89.19780737753081,7.088394662554169,6.313958175781236,105.64115122366478,8.53407665047587,9.922658430349188
25.990577646474712,55.61732708002935,87.90712178616273,5.685981279646264,11.200665464131845,185.29102951237252,6.57573580032673,2.206156790114809
23.83061002746754,117.16933984623653,30.296398856064577,6.676404533896781,4.929111681604205,171.00402795421087,6.070558156413761,6.828230452008968
32.754083655166,185.40855366521674,87.10870712539435,6.461945779772248,11.647350631642553,197.72876041437138,6.621526433030784,7.276047853210617
22.018300251041573,208.36955495653683,68.34719626893002,6.784651051810455,6.511733739018823,163.13723895231212,8.779899221815278,7.504364456593031
17.341340328552118,114.47192135830058,82.07509767120132,5.629707188965937,11.10722937846945,108.97928015418833,6.282428559030164,2.963100630312712
17.859833641056717,84.83901851820603,57.28439133803155,6.659967574856262,8.823543011835692,138.59567509919566,6.228553418993614,9.508238267785043
30.230212634349446,258.7325591998248,60.93576171475502,6.622969175919048,10.6136588779319,149.15213813709806,9.916112413591893,3.4494662324006624
27.364361266325222,296.10054517588804,59.33079481541521,6.621320188832342,11.872105305683714,61.768372447568595,7.810571503617112,6.982027225918729
17.022453522455805,181.42254557567145,70.01185545276627,6.70697533319291,6.307243502549966,131.67454386557978,4.980644249060218,3.7814086329846797
16.682136122299948,92.91982146207587,38.379075285378775,6.852935874452724,11.689083883260743,156.39812427089143,7.366573000296349,4.457731336170167
29.0193826291824,118.07683162984223,31.798415392360678,7.10997799936154,7.115855159219363,75.09819560015906,4.503074245226096,6.371668333824995
16.45526012728387,54.597669136866685,48.47579649547146,6.039641440256428,7.0840952378953785,167.09475761383356,3.059879162351491,5.337547348516612
31.437201185807126,278.5747016401248,72.2808457641988,7.150098820360125,6.7230968340360455,137.56591707711675,6.371666891989835,3.2818048078120503
29.124844543129925,79.43777072253528,42.1112071273769,6.496511364526907,8.33126085878068,192.8332678546392,9.353638883025564,3.3674912193667863
16.626975612837995,194.1291188785634,70.40594599949503,5.6541165582686626,5.233160345427897,56.363344731033756,9.362255680139164,5.345158305302397
16.69675428170384,118.5138051718015,88.19472276643623,5.617101858487958,8.42969188286409,89.79892063332005,4.077147502949413,8.058263826204005
34.73279157002351,188.54450062894836,35.6340429473651,6.168476637392121,8.333638499280031,140.23308189497362,5.749097195995255,9.18371717478231
22.485415915122406,212.85509708796604,70.35612709350758,7.069793954222935,10.09521450083896,94.4839868308896,2.904723087128751,2.6730212980750627
22.412842941337818,257.4354509268004,56.62501315827427,6.915361869481831,10.669199695500684,157.16362461068633,9.960679985489952,5.1448312604752084
31.25599134515005,101.6053179401508,82.08853526265032,7.077229929344813,7.523530802499392,163.85079237828967,9.830061170811422,2.801964509783013
33.94497154767717,52.74895716462012,40.628987366843155,6.534538112883219,6.41866599481195,65.37739460997116,6.845580367367026,2.132739845060783
34.720021276457416,84.22140751720181,71.55755713356987,6.380397995910981,6.074679178536756,127.07816963101516,8.23972653709726,7.293749461151653
30.067563705178834,275.00466046202627,80.28691737888661,5.794905053412568,5.5569906936389755,126.33358333865839,7.4359014515533,6.819595535732702
22.525191710618316,268.4725193906288,86.6768531684414,6.156385507218623,4.461180657592199,105.39211553233116,6.338423971355214,3.3041529105190897
16.670014333973377,199.35327554257708,70.99488169737876,6.368038732347751,6.739583830677707,189.9387293854508,1.4801319729000793,3.870502664744513
30.542938318548735,200.12921510841335,59.83048584050564,5.6772008593592345,6.161981537046266,174.1259479809832,5.092879082973949,2.189662029156147
26.1680849947161,216.25916863656386,67.07083441207283,5.941223905422422,11.731339086931259,154.5814072864455,7.073076719506695,8.67957764555523
23.484440184939526,93.8428196558624,82.1342990687231,6.696450588127478,8.46167061000035,157.14899536024961,7.097784524953162,9.797524768388412
33.12708770189472,278.60298648123995,64.23658479832977,6.97132622847838,6.77821631224406,119.25742157196787,4.358103565801452,3.0836762943575264
17.223949646123028,154.69263122301828,31.82322358181021,7.496695022785899,8.643740807949568,188.1491781644864,9.475227879922276,3.851801710122385
24.852502085817182,145.78463206237438,85.85692173041866,7.366226662687115,5.113573610765564,154.1893140879928,2.5062132901310292,8.947276191575472
15.227072895348382,179.7294263207094,71.37160506189366,6.785130399070383,7.552349993617623,159.34715924837246,5.503235015940046,9.411710383649478
24.373212839882527,61.74149169376376,70.59080314663478,6.342496106588144,9.00987457136851,179.2536355681018,7.217955788957405,5.357019062454483
16.126065513636746,91.57084218901986,42.94050914386303,6.772354729416465,7.911182654339611,91.11073840132866,7.2742222530262834,2.404979778152593
17.376358325361437,234.50840410659262,69.53312821395943,7.071303236160464,7.214230405234594,171.06063558000545,6.83775061091934,2.315134669542555
17.350524935542097,70.69966698128161,53.63186433924951,5.736672381846775,11.950787111197585,79.28609044347381,3.4775939210667417,6.5915989285520835
27.984206042321272,200.78802736659705,69.07397862248953,6.3198097793925765,11.042518097191415,101.80129283673318,2.4058591181795976,5.143160871145432
29.920897585308467,111.33727742033024,36.39558181847944,7.179604571271234,8.987247665275522,100.3415681404764,6.723462941440398,2.229219420621236
26.667375301943192,147.32390351049412,69.47071827618217,6.267665903866088,8.555018889458262,196.7788202583711,6.393719045254939,6.666019138500454
34.24345096949084,122.17343419267496,89.96482354623998,6.643744542454373,8.965283838596672,178.48058356218903,2.6142040926031687,2.0904202927121798
22.49741159047408,138.9181791162373,32.892722331633365,6.675538721724396,5.610496862579466,155.17547923853897,7.34625231013507,8.298975665194185
20.714241725637216,229.76147629606137,88.63045105327905,5.868952506267279,7.161101946114549,159.05851424230852,5.096547925602907,4.451462581626973
32.3719825637892,124.28042890579376,54.41447764337224,6.224470883304576,4.3156762631271945,134.31091916038565,7.009845324428376,2.322064024073857
19.47191677038905,191.6011600742243,82.24520702023554,6.169022577483864,7.804368299894613,192.06360006627787,8.536303717931357,6.7068177678652265
34.264450788812226,169.0126005497749,76.94312904349641,5.552393417064129,8.344196671661305,124.43881293235422,2.5275558571923087,5.1814753154644375
15.243089493796326,215.91779134066203,64.02097565920008,5.54838352778271,5.821997888825677,107.07765648048418,1.17230381197153,9.790403306857197
34.397576534152776,284.2074348311895,74.30695255507959,7.163394087351547,11.712230777324109,74.45530053973866,8.011923277562081,6.3535893000296175
15.863198239011522,233.14302430256257,82.71093367808086,6.046141619945625,11.275636887497935,167.9308478391587,6.487276826373543,4.201913448296066
32.82286227396142,103.73509464768918,54.24841929906198,6.536157532477631,9.777145883647247,160.16658981133872,7.296756126599095,7.675510917071798
25.554022181725998,57.79578376532117,49.62198969379432,6.097451147177546,8.2670930301229,107.65325577862023,8.543394774897783,4.171936020341691
34.85929592238601,115.56601107495626,70.05560313381508,7.3813584902306815,10.95975327718148,53.779012093884404,8.225298413420504,9.23394633126052
16.475931294707976,198.7694826750637,78.47075651647552,6.0185935177315475,5.045218750587703,175.84959915770162,9.648281322359422,4.9977757640590115
26.077085688026415,62.856453371062585,75.73710808659695,6.359313625477871,10.32407835419908,51.71269751811104,5.823415709669064,6.398948502209642
34.38605071238198,174.09156180030908,77.86881893151806,7.2454605009692035,4.998566511734786,155.55496694435766,5.396460693939148,2.404584830593831
25.461956883402976,199.2107122292223,56.13499888877598,7.183867133583617,10.353685300395243,195.53856645890855,4.616984799016571,5.408969903617846
27.58797276270525,133.5609727042402,79.0700529705013,5.872202835692555,6.206140546010856,115.64919922223052,2.3832193855978407,8.65890831728796
28.914973779692343,242.72805093645547,37.212543322236506,7.105286619591421,11.016724648145512,85.24601074939292,6.153465095938202,8.445190442906735
24.090821295355465,76.64956328344294,62.669345877650976,6.416373773475785,11.552336750603182,155.73065150650726,3.493112718933809,3.79454847082821
27.55116160168127,68.78444543395219,30.345519629887296,6.46593774417071,5.190367755240925,172.56922130233778,9.291767609916779,3.8086325680845015
26.686286238462003,232.04718905090084,49.47514979401622,5.766959944831887,7.701404840523148,131.9645474116771,6.248717238493878,8.538442497705894
33.02316020981978,173.87282905154962,51.98769209228387,5.661203027514249,11.84789902530148,195.05529128842193,6.335561624572992,9.443187361354603
15.908927606829158,222.100599106934,53.770361496555324,6.95587861394753,7.867259487785173,57.75030824869417,4.194321947893091,2.7628873701840284
20.619263791844606,158.70683465093657,71.72803240139173,6.4929223047106,10.90838018011636,125.71933974567922,1.4679041677993674,5.600469115409802
34.008229681531176,111.6005083097767,53.31348607622074,6.373701405230359,8.709852177050559,157.7680920983825,1.2856938883568976,4.699634231713832
32.80527567781833,254.77557941854994,56.921617357351835,6.959016457304793,7.002639263356815,179.39607067237685,4.810016297378778,8.965507643659514
24.11313505571426,249.8539697422448,44.252647852459646,7.0310257979822195,6.286268444206962,76.88834178616851,1.7610884028751408,2.66819931744015
27.402651956030734,223.67411771360668,52.39510749776041,5.817816335338707,5.625784728688698,170.00052226455222,6.461622599861252,3.6890075404642992
20.54762365962265,118.03628430749067,43.63617763578909,6.720450298955282,10.094385531021578,132.9060613577818,8.928757050756918,8.019746700691954
18.762423194475225,197.5576667172718,34.39175542610662,5.770708164555371,7.092324054584223,109.48305229849448,8.9462333486685,2.4103507918497247
24.273968098799642,140.24347423500672,66.20691560288267,7.002750172058091,8.09020369760601,69.75725428686403,6.931408691190091,5.940283045714314
22.067044560521055,72.89551833165854,70.09276791330097,6.813910312534279,7.938603840009455,179.79436383633686,2.901086483256379,5.53685627743776
26.67312223701744,279.32839386556066,67.16942076057687,7.413229242166916,8.61823223386505,73.5909812269573,8.766971482229849,4.675209431909989
16.554692739299696,84.20465772974035,57.80964262803434,5.637916032712843,10.924617164996418,96.46817888136488,8.974840917818874,5.15657852255139
34.487896153323334,287.55933845520065,52.78714681075379,5.614109442302508,11.845914748667436,93.50682979436553,2.769882264576628,6.2395246954418635
34.72421488959206,161.50144323948894,81.80001897430952,6.0643741493864,7.2606736685905355,180.71210512862814,7.636834771936095,3.290938867107065
